<?xml version='1.0' encoding='utf-8' standalone='yes' ?>
<map>
    <string name="swipe_symbol_behavior">Down</string>
    <int name="pid" value="6071" />
    <boolean name="keep_keyboard_letters_uppercase" value="false" />
    <boolean name="show_voice_input_button" value="true" />
    <boolean name="expand_keypress_area" value="false" />
    <boolean name="first_run" value="false" />
    <boolean name="toolbar_num_row_on_password" value="true" />
    <boolean name="inline_suggestions" value="true" />
    <boolean name="clipboard_return_after_paste" value="false" />
    <string name="sound_on_keypress">Disabled</string>
    <string name="expanded_candidate_style">Grid</string>
    <string name="space_long_press_behavior">ShowPicker</string>
    <string name="lang_switch_key_behavior">Enumerate</string>
    <boolean name="space_swipe_move_cursor" value="true" />
    <boolean name="show_lang_switch_key" value="true" />
    <boolean name="reset_keyboard_on_focus_change" value="true" />
    <boolean name="disable_animation" value="false" />
    <string name="haptic_on_keypress">Disabled</string>
    <boolean name="need_notifications" value="true" />
    <boolean name="clipboard_mask_sensitive" value="true" />
    <boolean name="vivo_keypress_workaround" value="false" />
    <int name="keyboard_long_press_delay" value="200" />
    <boolean name="expand_toolbar_by_default" value="false" />
    <string name="last_symbol_layout">Number</string>
    <boolean name="clipboard_suggestion" value="true" />
    <boolean name="ignore_system_cursor" value="true" />
    <boolean name="popup_on_key_press" value="true" />
    <boolean name="hide_key_config" value="true" />
    <boolean name="clipboard_enable" value="true" />
    <int name="clipboard_limit" value="1000" />
    <string name="horizontal_candidate_style">AutoFillWidth</string>
</map>
